image_id,filename,cell_type,condition,timepoint,tool,tool_version,roi_mode,rotation_deg,deskew_angle_deg,wound_area_px,wound_area_pct,width_mean_px,width_sd_px,closure_pct,runtime_s,parameters,notes
cytv-0260,HK-0H.jpg,HUVEC,Control,0h,WHST,,full_image,0,0,1678355,51.801,934.773,54.531,,,,"ImageJ WHST rerun; values transcribed from Results table screenshot"
cytv-0263,HK-24H.jpg,HUVEC,Control,24h,WHST,,full_image,0,0,966903,29.843,555.649,80.743,42.3898,,,"ImageJ WHST rerun; values transcribed from Results table screenshot"
cytv-0266,HK-48H.jpg,HUVEC,Control,48h,WHST,,full_image,0,0,537627,16.593,341.152,135.399,67.9670,,,"ImageJ WHST rerun; values transcribed from Results table screenshot"
cytv-0308,M8F-0H.jpg,MDA-MB-231,FDI-6 8uM,0h,WHST,,full_image,0,0,,,,,,,,
cytv-0311,M8F-24H.jpg,MDA-MB-231,FDI-6 8uM,24h,WHST,,full_image,0,0,,,,,,,,
cytv-0314,M8F-48H.jpg,MDA-MB-231,FDI-6 8uM,48h,WHST,,full_image,0,0,,,,,,,,
cytv-0335,MK-0H.jpg,MDA-MB-231,Control,0h,WHST,,full_image,0,0,,,,,,,,
cytv-0338,MK-24H.jpg,MDA-MB-231,Control,24h,WHST,,full_image,0,0,,,,,,,,
cytv-0340,MK-48H.jpg,MDA-MB-231,Control,48h,WHST,,full_image,0,0,,,,,,,,
