calibration_id,image_id,relative_path,cell_line,condition,time_point_h,ground_truth_area_pixels2,ground_truth_area_percent,ground_truth_width_pixels,ground_truth_width_sd_pixels,ground_truth_wound_closure_percent,mapping_confidence,calibration_use,source_xlsx,matched_filename,notes
cal-001,cytv-0260,29.06.22/COMBİNE/H-K-0-24-48/HK-0H.jpg,HUVEC,Control,0,1691990,52.222,40.332,346.768,,inferred_from_folder_timepoint,provisional_one_to_one_verify_visually,29.06.22/COMBİNE/H-K-0-24-48/ResultsHK.xls.xlsx,HK-0H.jpg,Area-first calibration row from COMBINE Excel main table.
cal-002,cytv-0263,29.06.22/COMBİNE/H-K-0-24-48/HK-24H.jpg,HUVEC,Control,24,926740,28.603,12.787,424.536,45.22780867499217,inferred_from_folder_timepoint,provisional_one_to_one_verify_visually,29.06.22/COMBİNE/H-K-0-24-48/ResultsHK.xls.xlsx,HK-24H.jpg,Area-first calibration row from COMBINE Excel main table.
cal-003,cytv-0266,29.06.22/COMBİNE/H-K-0-24-48/HK-48H.jpg,HUVEC,Control,48,372060,11.483,23.171,669.311,78.01050833633768,explicit_label,primary_one_to_one,29.06.22/COMBİNE/H-K-0-24-48/ResultsHK.xls.xlsx,HK-48H.jpg,Area-first calibration row from COMBINE Excel main table.
cal-004,cytv-0308,29.06.22/COMBİNE/M-8F-0H-24-48/M8F-0H.jpg,MDA-MB-231,FDI-6 8 uM,0,550026,57.271,6.911,138.032,,inferred_from_folder_timepoint,provisional_one_to_one_verify_visually,29.06.22/COMBİNE/M-8F-0H-24-48/ResultsM8F.xls.xlsx,M8F-0H.jpg,Area-first calibration row from COMBINE Excel main table.
cal-005,cytv-0311,29.06.22/COMBİNE/M-8F-0H-24-48/M8F-24H.jpg,MDA-MB-231,FDI-6 8 uM,24,245294,25.541,24.087,302.592,55.40319912149607,explicit_label,primary_one_to_one,29.06.22/COMBİNE/M-8F-0H-24-48/ResultsM8F.xls.xlsx,M8F-24H.jpg,Area-first calibration row from COMBINE Excel main table.
cal-006,cytv-0314,29.06.22/COMBİNE/M-8F-0H-24-48/M8F-48H.jpg,MDA-MB-231,FDI-6 8 uM,48,301709,31.415,0.531,317.824,45.146411260558594,explicit_label,primary_one_to_one,29.06.22/COMBİNE/M-8F-0H-24-48/ResultsM8F.xls.xlsx,M8F-48H.jpg,Area-first calibration row from COMBINE Excel main table.
cal-007,cytv-0335,29.06.22/COMBİNE/M-K-0-24-48/MK-0H.jpg,MDA-MB-231,Control,0,1688680,52.12,35.685,346.33,,inferred_from_folder_timepoint,provisional_one_to_one_verify_visually,29.06.22/COMBİNE/M-K-0-24-48/ResultsMK.xlsx,MK-0H.jpg,Area-first calibration row from COMBINE Excel main table.
cal-008,cytv-0338,29.06.22/COMBİNE/M-K-0-24-48/MK-24H.jpg,MDA-MB-231,Control,24,992658,30.638,99.413,664.399,41.21692683042376,inferred_from_folder_timepoint,provisional_one_to_one_verify_visually,29.06.22/COMBİNE/M-K-0-24-48/ResultsMK.xlsx,MK-24H.jpg,Area-first calibration row from COMBINE Excel main table.
cal-009,cytv-0340,29.06.22/COMBİNE/M-K-0-24-48/MK-48H.jpg,MDA-MB-231,Control,48,13844,0.427,79.667,52.636,99.1801880758936,explicit_label,primary_one_to_one,29.06.22/COMBİNE/M-K-0-24-48/ResultsMK.xlsx,MK-48H.jpg,Area-first calibration row from COMBINE Excel main table.
