sample_id,image_id,relative_path,cell_line,condition,time_point_h,campaign,in_combine_set,image_width_px,image_height_px,sample_role,imagej_area_px2,imagej_width_px,imagej_wound_closure_percent,rater_1,rater_2,measurement_status,notes
gt-001,cytv-0249,29.06.22/H-CİS-0H/IMG_2883.jpg,HUVEC,Cisplatin,0,29.06.22,False,1574,2100,primary_preprocess_required,,,,,,pending,
gt-002,cytv-0251,29.06.22/H-CİS-0H/IMG_2885.jpg,HUVEC,Cisplatin,0,29.06.22,False,4032,3024,primary_preprocess_required,,,,,,pending,
gt-003,cytv-0253,29.06.22/H-CİS-0H/IMG_2887.jpg,HUVEC,Cisplatin,0,29.06.22,False,1574,2100,primary_preprocess_required,,,,,,pending,
gt-004,cytv-0254,29.06.22/H-K-0H/IMG_2861.jpg,HUVEC,Control,0,29.06.22,False,1574,2100,primary_preprocess_required,,,,,,pending,
gt-005,cytv-0407,fdi/HUVEC/Huvec fdı6 kontrol 0h/20211221_125620.jpg,HUVEC,Control,0,fdi-huvec-2021,False,4032,3024,hard_case_candidate,,,,,,pending,
gt-006,cytv-0413,fdi/HUVEC/Huvec fdı6 kontrol 0h/20211221_125835.jpg,HUVEC,Control,0,fdi-huvec-2021,False,4032,3024,hard_case_candidate,,,,,,pending,
gt-007,cytv-0414,fdi/HUVEC/Huvec fdı 6 kontrol 24h/20211222_132330.jpg,HUVEC,Control,24,fdi-huvec-2021,False,4032,3024,hard_case_candidate,,,,,,pending,
gt-008,cytv-0421,fdi/HUVEC/Huvec fdı 6 kontrol 24h/20211222_132415.jpg,HUVEC,Control,24,fdi-huvec-2021,False,4032,3024,hard_case_candidate,,,,,,pending,
gt-009,cytv-0428,fdi/HUVEC/Huvec fdı 6 kontrol 24h/20211222_132427.jpg,HUVEC,Control,24,fdi-huvec-2021,False,4032,3024,hard_case_candidate,,,,,,pending,
gt-010,cytv-0429,fdi/HUVEC/Huvec fdı6 48h kontrol/20211223_131546.jpg,HUVEC,Control,48,fdi-huvec-2021,False,4032,3024,hard_case_candidate,,,,,,pending,
gt-011,cytv-0435,fdi/HUVEC/Huvec fdı6 48h kontrol/20211223_131606.jpg,HUVEC,Control,48,fdi-huvec-2021,False,4032,3024,hard_case_candidate,,,,,,pending,
gt-012,cytv-0442,fdi/HUVEC/Huvec fdı6 48h kontrol/20211223_131719.jpg,HUVEC,Control,48,fdi-huvec-2021,False,4032,3024,hard_case_candidate,,,,,,pending,
gt-013,cytv-0258,29.06.22/COMBİNE/H-K-0-24-48/HK-0H-2.jpg,HUVEC,Control,multi,29.06.22,True,1800,1800,primary_clean_crop,,,,,,pending,
gt-014,cytv-0266,29.06.22/COMBİNE/H-K-0-24-48/HK-48H.jpg,HUVEC,Control,multi,29.06.22,True,1800,1800,primary_clean_crop,372060,23.171,78.01050833633768,,,seeded_from_combine_excel,Seeded from 29.06.22/COMBİNE/H-K-0-24-48/ResultsHK.xls.xlsx (explicit_label); use=primary_one_to_one
gt-015,cytv-0275,29.06.22/COMBİNE/H-K-0-24-48/IMG_3033.jpg,HUVEC,Control,multi,29.06.22,True,4032,3024,primary_curated_preprocess,,,,,,pending,
gt-016,cytv-0351,fdi/HUVEC/Huvec fdı 6 24 h/20211222_132757.jpg,HUVEC,FDI-6,24,fdi-huvec-2021,False,4032,3024,hard_case_candidate,,,,,,pending,
gt-017,cytv-0371,fdi/HUVEC/Huvec fdı 6 24 h/20211222_133202.jpg,HUVEC,FDI-6,24,fdi-huvec-2021,False,4032,3024,hard_case_candidate,,,,,,pending,
gt-018,cytv-0392,fdi/HUVEC/Huvec fdı 6 24 h/20211222_133325.jpg,HUVEC,FDI-6,24,fdi-huvec-2021,False,4032,3024,hard_case_candidate,,,,,,pending,
gt-019,cytv-0393,fdi/HUVEC/Huvec fdı6 48h/20211223_131759.jpg,HUVEC,FDI-6,48,fdi-huvec-2021,False,4032,3024,hard_case_candidate,,,,,,pending,
gt-020,cytv-0399,fdi/HUVEC/Huvec fdı6 48h/20211223_131809.jpg,HUVEC,FDI-6,48,fdi-huvec-2021,False,4032,3024,hard_case_candidate,,,,,,pending,
gt-021,cytv-0404,fdi/HUVEC/Huvec fdı6 48h/20211223_131815.jpg,HUVEC,FDI-6,48,fdi-huvec-2021,False,4032,3024,hard_case_candidate,,,,,,pending,
gt-022,cytv-0220,29.06.22/H-64F-0H/IMG_2874.jpg,HUVEC,FDI-6 64 uM,0,29.06.22,False,1574,2100,primary_preprocess_required,,,,,,pending,
gt-023,cytv-0222,29.06.22/H-64F-0H/IMG_2876.jpg,HUVEC,FDI-6 64 uM,0,29.06.22,False,4032,3024,primary_preprocess_required,,,,,,pending,
gt-024,cytv-0223,29.06.22/H-64F-0H/IMG_2877.jpg,HUVEC,FDI-6 64 uM,0,29.06.22,False,1574,2100,primary_preprocess_required,,,,,,pending,
gt-025,cytv-0224,29.06.22/H-8F-0H/IMG_2867.jpg,HUVEC,FDI-6 8 uM,0,29.06.22,False,1574,2100,primary_preprocess_required,,,,,,pending,
gt-026,cytv-0227,29.06.22/H-8F-0H/IMG_2870.jpg,HUVEC,FDI-6 8 uM,0,29.06.22,False,4032,3024,primary_preprocess_required,,,,,,pending,
gt-027,cytv-0230,29.06.22/H-8F-0H/IMG_2873.jpg,HUVEC,FDI-6 8 uM,0,29.06.22,False,1574,2100,primary_preprocess_required,,,,,,pending,
gt-028,cytv-0231,29.06.22/COMBİNE/H-8F-0H-0-24-48/H8F-0H-2.jpg,HUVEC,FDI-6 8 uM,multi,29.06.22,True,1800,1800,primary_clean_crop,,,,,,pending,
gt-029,cytv-0239,29.06.22/COMBİNE/H-8F-0H-0-24-48/H8F-48H.jpg,HUVEC,FDI-6 8 uM,multi,29.06.22,True,1800,1800,primary_clean_crop,,,,,,pending,
gt-030,cytv-0248,29.06.22/COMBİNE/H-8F-0H-0-24-48/IMG_3042.jpg,HUVEC,FDI-6 8 uM,multi,29.06.22,True,4032,3024,primary_curated_preprocess,,,,,,pending,
gt-031,cytv-0281,29.06.22/H-LUT-0H/IMG_2878.jpg,HUVEC,Luteolin,0,29.06.22,False,1574,2100,primary_preprocess_required,,,,,,pending,
gt-032,cytv-0283,29.06.22/H-LUT-0H/IMG_2880.jpg,HUVEC,Luteolin,0,29.06.22,False,4032,3024,primary_preprocess_required,,,,,,pending,
gt-033,cytv-0285,29.06.22/H-LUT-0H/IMG_2882.jpg,HUVEC,Luteolin,0,29.06.22,False,1574,2100,primary_preprocess_required,,,,,,pending,
gt-034,cytv-0276,29.06.22/H-LC-0H/IMG_2888.jpg,HUVEC,Luteolin + Cisplatin,0,29.06.22,False,1574,2100,primary_preprocess_required,,,,,,pending,
gt-035,cytv-0278,29.06.22/H-LC-0H/IMG_2890.jpg,HUVEC,Luteolin + Cisplatin,0,29.06.22,False,4032,3024,primary_preprocess_required,,,,,,pending,
gt-036,cytv-0280,29.06.22/H-LC-0H/IMG_2892.jpg,HUVEC,Luteolin + Cisplatin,0,29.06.22,False,1574,2100,primary_preprocess_required,,,,,,pending,
gt-037,cytv-0315,29.06.22/M-CİS-0H/IMG_2914.jpg,MDA-MB-231,Cisplatin,0,29.06.22,False,1574,2100,primary_preprocess_required,,,,,,pending,
gt-038,cytv-0317,29.06.22/M-CİS-0H/IMG_2916.jpg,MDA-MB-231,Cisplatin,0,29.06.22,False,4032,3024,primary_preprocess_required,,,,,,pending,
gt-039,cytv-0318,29.06.22/M-CİS-0H/IMG_2917.jpg,MDA-MB-231,Cisplatin,0,29.06.22,False,1574,2100,primary_preprocess_required,,,,,,pending,
gt-040,cytv-0319,29.06.22/M-K-0H/IMG_2894.jpg,MDA-MB-231,Control,0,29.06.22,False,1574,2100,primary_preprocess_required,,,,,,pending,
gt-041,cytv-0321,29.06.22/M-K-0H/IMG_2896.jpg,MDA-MB-231,Control,0,29.06.22,False,4032,3024,primary_preprocess_required,,,,,,pending,
gt-042,cytv-0323,29.06.22/M-K-0H/IMG_2898.jpg,MDA-MB-231,Control,0,29.06.22,False,1574,2100,primary_preprocess_required,,,,,,pending,
gt-043,cytv-0324,29.06.22/COMBİNE/M-K-0-24-48/IMG_2894.jpg,MDA-MB-231,Control,multi,29.06.22,True,1574,2100,primary_curated_preprocess,,,,,,pending,
gt-044,cytv-0332,29.06.22/COMBİNE/M-K-0-24-48/IMG_3058.jpg,MDA-MB-231,Control,multi,29.06.22,True,4032,3024,primary_curated_preprocess,,,,,,pending,
gt-045,cytv-0340,29.06.22/COMBİNE/M-K-0-24-48/MK-48H.jpg,MDA-MB-231,Control,multi,29.06.22,True,1800,1800,primary_clean_crop,13844,79.667,99.1801880758936,,,seeded_from_combine_excel,Seeded from 29.06.22/COMBİNE/M-K-0-24-48/ResultsMK.xlsx (explicit_label); use=primary_one_to_one
gt-046,cytv-0286,29.06.22/M-64F-0H/IMG_2905.jpg,MDA-MB-231,FDI-6 64 uM,0,29.06.22,False,1574,2100,primary_preprocess_required,,,,,,pending,
gt-047,cytv-0288,29.06.22/M-64F-0H/IMG_2907.jpg,MDA-MB-231,FDI-6 64 uM,0,29.06.22,False,4032,3024,primary_preprocess_required,,,,,,pending,
gt-048,cytv-0290,29.06.22/M-64F-0H/IMG_2909.jpg,MDA-MB-231,FDI-6 64 uM,0,29.06.22,False,1574,2100,primary_preprocess_required,,,,,,pending,
gt-049,cytv-0291,29.06.22/M-8F-0H/IMG_2899.jpg,MDA-MB-231,FDI-6 8 uM,0,29.06.22,False,1574,2100,primary_preprocess_required,,,,,,pending,
gt-050,cytv-0293,29.06.22/M-8F-0H/IMG_2901.jpg,MDA-MB-231,FDI-6 8 uM,0,29.06.22,False,4032,3024,primary_preprocess_required,,,,,,pending,
gt-051,cytv-0296,29.06.22/M-8F-0H/IMG_2904.jpg,MDA-MB-231,FDI-6 8 uM,0,29.06.22,False,1574,2100,primary_preprocess_required,,,,,,pending,
gt-052,cytv-0297,29.06.22/COMBİNE/M-8F-0H-24-48/IMG_2899.jpg,MDA-MB-231,FDI-6 8 uM,multi,29.06.22,True,1574,2100,primary_curated_preprocess,,,,,,pending,
gt-053,cytv-0305,29.06.22/COMBİNE/M-8F-0H-24-48/IMG_3068.jpg,MDA-MB-231,FDI-6 8 uM,multi,29.06.22,True,4032,3024,primary_curated_preprocess,,,,,,pending,
gt-054,cytv-0314,29.06.22/COMBİNE/M-8F-0H-24-48/M8F-48H.jpg,MDA-MB-231,FDI-6 8 uM,multi,29.06.22,True,1800,1800,primary_clean_crop,301709,0.531,45.146411260558594,,,seeded_from_combine_excel,Seeded from 29.06.22/COMBİNE/M-8F-0H-24-48/ResultsM8F.xls.xlsx (explicit_label); use=primary_one_to_one
gt-055,cytv-0347,29.06.22/M-LUT-0H/IMG_2910.jpg,MDA-MB-231,Luteolin,0,29.06.22,False,1574,2100,primary_preprocess_required,,,,,,pending,
gt-056,cytv-0349,29.06.22/M-LUT-0H/IMG_2912.jpg,MDA-MB-231,Luteolin,0,29.06.22,False,4032,3024,primary_preprocess_required,,,,,,pending,
gt-057,cytv-0350,29.06.22/M-LUT-0H/IMG_2913.jpg,MDA-MB-231,Luteolin,0,29.06.22,False,1574,2100,primary_preprocess_required,,,,,,pending,
gt-058,cytv-0341,29.06.22/M-LC-0H/IMG_2918.jpg,MDA-MB-231,Luteolin + Cisplatin,0,29.06.22,False,1574,2100,primary_preprocess_required,,,,,,pending,
gt-059,cytv-0343,29.06.22/M-LC-0H/IMG_2920.jpg,MDA-MB-231,Luteolin + Cisplatin,0,29.06.22,False,4032,3024,primary_preprocess_required,,,,,,pending,
gt-060,cytv-0346,29.06.22/M-LC-0H/IMG_2923.jpg,MDA-MB-231,Luteolin + Cisplatin,0,29.06.22,False,1574,2100,primary_preprocess_required,,,,,,pending,
